{"content": {"suites": {"0": {"status": {"total_pass": 1, "total_skip": 0, "total_xpass": 0, "total_xfail": 0, "total_rerun": 0, "total_fail": 0, "total_error": 0}, "tests": {"0": {"status": "PASS", "message": "", "test_name": "test_testcase_01", "rerun": "0"}}, "suite_name": "tests/test_tc01.py"}, "1": {"suite_name": "tests/test_tc02.py", "tests": {"0": {"status": "PASS", "message": "", "test_name": "test_testcase_02[get_data0]", "rerun": "0"}, "1": {"status": "PASS", "message": "", "test_name": "test_testcase_02[get_data1]", "rerun": "0"}}, "status": {"total_pass": 2, "total_skip": 0, "total_xpass": 0, "total_xfail": 0, "total_rerun": 0, "total_fail": 0, "total_error": 0}}, "2": {"suite_name": "tests/test_tc03.py", "tests": {"0": {"status": "PASS", "message": "", "test_name": "test_testcase_03[get_data_using_dictionary0]", "rerun": "0"}, "1": {"status": "PASS", "message": "", "test_name": "test_testcase_03[get_data_using_dictionary1]", "rerun": "0"}, "2": {"status": "PASS", "message": "", "test_name": "test_testcase_03[get_data_using_dictionary2]", "rerun": "0"}}, "status": {"total_pass": 3, "total_skip": 0, "total_xpass": 0, "total_xfail": 0, "total_rerun": 0, "total_fail": 0, "total_error": 0}}, "3": {"suite_name": "tests/test_tc04.py", "tests": {"0": {"status": "PASS", "message": "", "test_name": "test_testcase_04[get_data_using_dictionary0]", "rerun": "0"}, "1": {"status": "PASS", "message": "", "test_name": "test_testcase_04[get_data_using_dictionary1]", "rerun": "0"}, "2": {"status": "PASS", "message": "", "test_name": "test_testcase_04[get_data_using_dictionary2]", "rerun": "0"}}, "status": {"total_pass": 3, "total_skip": 0, "total_xpass": 0, "total_xfail": 0, "total_rerun": 0, "total_fail": 0, "total_error": 0}}}}, "date": "October 11, 2022", "start_time": 1665464155.0092683, "total_suite": 4, "status": "PASS", "status_list": {"pass": "9", "fail": "0", "skip": "0", "error": "0", "xpass": "0", "xfail": "0", "rerun": "0"}, "total_tests": "9"}